,precision,recall,f1-score,support
0,0.6666666666666666,0.8079470198675497,0.7305389221556886,151.0
1,0.8481675392670157,0.726457399103139,0.782608695652174,223.0
accuracy,0.7593582887700535,0.7593582887700535,0.7593582887700535,0.7593582887700535
macro avg,0.7574171029668412,0.7672022094853443,0.7565738089039313,374.0
weighted avg,0.7748877751957518,0.7593582887700535,0.7615858726629512,374.0
