,precision,recall,f1-score,support
0,0.783375314861461,0.7893401015228426,0.786346396965866,394.0
1,0.18627450980392157,0.18095238095238095,0.18357487922705312,105.0
accuracy,0.6613226452905812,0.6613226452905812,0.6613226452905812,0.6613226452905812
macro avg,0.48482491233269126,0.4851462412376118,0.4849606380964595,499.0
weighted avg,0.6577328608914377,0.6613226452905812,0.6595107068605045,499.0
