,precision,recall,f1-score,support
0,0.84375,0.7941176470588235,0.8181818181818182,34.0
1,0.9583333333333334,0.9698795180722891,0.9640718562874252,166.0
accuracy,0.94,0.94,0.94,0.94
macro avg,0.9010416666666667,0.8819985825655563,0.8911268372346217,200.0
weighted avg,0.9388541666666668,0.94,0.939270549809472,200.0
