,precision,recall,f1-score,support
0,0.496875,1.0,0.6638830897703549,159.0
1,0.0,0.0,0.0,161.0
accuracy,0.496875,0.496875,0.496875,0.496875
macro avg,0.2484375,0.5,0.33194154488517746,320.0
weighted avg,0.246884765625,0.496875,0.3298669102296451,320.0
