,precision,recall,f1-score,support
0,0.9786096256684492,0.9945652173913043,0.9865229110512129,184.0
1,0.9933333333333333,0.9738562091503268,0.9834983498349835,153.0
accuracy,0.9851632047477745,0.9851632047477745,0.9851632047477745,0.9851632047477745
macro avg,0.9859714795008913,0.9842107132708156,0.9850106304430982,337.0
weighted avg,0.9852942763293608,0.9851632047477745,0.9851497423091266,337.0
