,precision,recall,f1-score,support
0,0.9573170731707317,0.9573170731707317,0.9573170731707317,164.0
1,0.9595375722543352,0.9595375722543352,0.9595375722543352,173.0
accuracy,0.9584569732937686,0.9584569732937686,0.9584569732937686,0.9584569732937686
macro avg,0.9584273227125335,0.9584273227125335,0.9584273227125335,337.0
weighted avg,0.9584569732937686,0.9584569732937686,0.9584569732937686,337.0
