,precision,recall,f1-score,support
0,0.9024390243902439,0.8554913294797688,0.8783382789317508,173.0
1,0.8546511627906976,0.901840490797546,0.8776119402985074,163.0
accuracy,0.8779761904761905,0.8779761904761905,0.8779761904761905,0.8779761904761905
macro avg,0.8785450935904708,0.8786659101386574,0.8779751096151291,336.0
weighted avg,0.8792562224833211,0.8779761904761905,0.8779859182257429,336.0
